top_k,allocation,n,exact_match_mean,f1_mean,f1_std,f1_ci_lower,f1_ci_upper,retrieval_recall
1,uniform,1000,0.532,0.5879712997282502,0.47001232453635694,0.5588048326814479,0.6171377667750526,0.675
1,weighted,1000,0.532,0.5879712997282502,0.47001232453635694,0.5588048326814479,0.6171377667750526,0.675
1,top_heavy,1000,0.532,0.5879712997282502,0.47001232453635694,0.5588048326814479,0.6171377667750526,0.675
3,uniform,1000,0.482,0.5452311839889845,0.47240331048392753,0.5159163450608321,0.574546022917137,0.85
3,weighted,1000,0.521,0.5847465164867754,0.4666978912515967,0.5557857255555391,0.6137073074180118,0.85
3,top_heavy,1000,0.55,0.6115047094632234,0.46255108921364485,0.5828012470288703,0.6402081718975766,0.85
5,uniform,1000,0.392,0.4493177754294336,0.47264180566118524,0.4199881367580293,0.47864741410083783,0.894
5,weighted,1000,0.461,0.5152705857288074,0.4777942272984139,0.4856212151524117,0.5449199563052031,0.894
5,top_heavy,1000,0.522,0.5834418093953693,0.46868095939926235,0.5543579597936236,0.612525658997115,0.894
7,uniform,1000,0.32,0.37192371768238636,0.46249972615774493,0.3432234425663207,0.400623992798452,0.911
7,weighted,1000,0.461,0.5186464182781317,0.47607111477912356,0.48910397490744584,0.5481888616488176,0.911
7,top_heavy,1000,0.502,0.5661150661420625,0.47034770030903883,0.5369277874571146,0.5953023448270105,0.911
