system,top_k,allocation,total_context_budget,document_budgets,exact_match,f1,retrieval_recall
In-Context RALM,1,uniform,350,[350],0.445,0.4904069264069264,0.455
In-Context RALM,1,weighted,350,[350],0.445,0.4904069264069264,0.455
In-Context RALM,1,top_heavy,350,[350],0.445,0.4904069264069264,0.455
In-Context RALM,3,uniform,350,"[117, 117, 116]",0.5,0.5606734539969834,0.75
In-Context RALM,3,weighted,350,"[150, 110, 90]",0.505,0.5645098039215687,0.75
In-Context RALM,3,top_heavy,350,"[190, 90, 70]",0.535,0.5866764705882352,0.75
In-Context RALM,5,uniform,350,"[70, 70, 70, 70, 70]",0.49,0.5405986928104575,0.845
In-Context RALM,5,weighted,350,"[100, 80, 65, 55, 50]",0.53,0.5726764705882352,0.845
In-Context RALM,5,top_heavy,350,"[150, 80, 50, 40, 30]",0.54,0.5971764705882353,0.845
In-Context RALM,7,uniform,350,"[50, 50, 50, 50, 50, 50, 50]",0.425,0.48017647058823526,0.875
In-Context RALM,7,weighted,350,"[100, 70, 50, 40, 35, 30, 25]",0.54,0.6008989729225024,0.875
In-Context RALM,7,top_heavy,350,"[140, 70, 45, 35, 25, 20, 15]",0.53,0.5855222222222222,0.875
