top_k,allocation,document_budgets,exact_match,f1,retrieval_recall
1,top_heavy,[350],0.296,0.41887618965853973,0.692
1,uniform,[350],0.296,0.41887618965853973,0.692
1,weighted,[350],0.296,0.41887618965853973,0.692
3,top_heavy,"[190, 90, 70]",0.22,0.32907839184795346,0.696
3,uniform,"[117, 117, 116]",0.172,0.26719821057247384,0.696
3,weighted,"[150, 110, 90]",0.201,0.3059204609906001,0.696
5,top_heavy,"[150, 80, 50, 40, 30]",0.209,0.30882855344887394,0.702
5,uniform,"[70, 70, 70, 70, 70]",0.122,0.2119532722322901,0.702
5,weighted,"[100, 80, 65, 55, 50]",0.168,0.2545340615189797,0.702
7,top_heavy,"[140, 70, 45, 35, 25, 20, 15]",0.209,0.30380119261268,0.727
7,uniform,"[50, 50, 50, 50, 50, 50, 50]",0.093,0.16455629893142443,0.727
7,weighted,"[100, 70, 50, 40, 35, 30, 25]",0.168,0.2577741235066904,0.727
